2.141604076293022185e+00,2.674438024614502196e-01,1.159450086284471837e+01
1.179532558334870584e+00,1.353708928168687320e-01,6.955212440919305550e+01
2.192755317058917797e+00,3.060675134776507655e-01,1.094790005539794109e+00
1.716619438713186341e+00,6.875777410414019020e-01,1.809800604695488602e+01
3.152922270918180114e+00,3.598313470168716943e-01,7.767637714678013339e+00
8.103985471834270982e+00,1.628100166774262281e-01,1.199052784695959417e+01
1.297287842188576068e+00,3.127303074110603376e-01,1.287138147840692426e+01
3.451827646839541686e+00,2.139890458575721410e-01,3.010532165774525737e+01
2.546725350569144730e+00,1.191887912480836670e-01,1.220584117848441785e+00
5.313678025318034237e+00,7.020209689369444339e-01,1.023399457989042105e+01
5.704489299862436802e+00,7.633499074397228634e-01,2.587689007396841934e+00
8.620910722434711460e+00,2.123692601144196446e-01,1.287272159896373669e+00
6.740374114854274623e+00,2.215243156374246125e-01,4.287074575681187660e+00
4.567039952497729871e+00,8.312090878180005138e-01,2.799251281872647379e+00
7.227631234134222815e+00,1.948939951889079314e-01,3.966314122710545576e+01
1.022135369996090892e+00,1.524408391825279319e-01,1.874666061424186347e+00
1.993582800485765860e+00,6.220252340752954190e-01,1.699705949897897916e+00
2.239015427286857651e+00,1.086337661762494244e-01,2.378296241330685845e+01
2.053809140749281337e+00,5.061108279683853572e-01,4.105012051073086354e+01
1.233519961450527669e+00,1.801502670421191998e-01,1.384067562879697455e+00
1.124714149922273032e+00,2.193609308135917313e-01,1.965546088492751409e+01
9.720963224475386966e+00,5.951801301308754510e-01,2.616500515181033393e+01
1.760669547629840404e+00,1.838020806245717620e-01,3.512039394753510457e+00
5.513112661450595198e+00,2.249349322481046798e-01,2.773407242595105870e+01
1.674314387486043554e+00,5.863699736586696076e-01,5.771793413632182457e+00
8.039364350381470459e+00,4.005611644311826147e-01,8.454656584635571903e+01
9.167677589792818438e+00,2.171791186984491084e-01,4.967303967724862268e+00
1.687909969648311526e+00,3.972906116691326539e-01,9.308016647741359861e+01
9.060271068361780422e+00,2.445192954503323246e-01,6.047351653777162106e+00
6.255022945809938228e+00,3.384307948198109206e-01,2.457990594811896301e+01
4.305247608588449459e+00,2.050728062630064463e-01,3.139062768635647060e+01
6.465832365960976880e+00,2.682995368903425271e-01,2.979561242380810171e+01
7.331780079965830588e+00,7.215620213771150038e-01,5.667554928411439263e+00
1.196986768782865473e+00,3.287863288583380839e-01,4.426003834663324810e+00
5.810116028323008663e+00,1.806349927577336478e-01,4.661010740622025139e+00
1.391034706862418702e+00,3.311980602318934652e-01,7.128774124059511053e+00
2.122535300963300564e+00,7.038055222286729862e-01,2.678715521470150307e+01
5.005943888246330964e+00,5.529454672710197860e-01,2.526379720597818235e+01
3.951725096601188092e+00,7.622626184393253013e-01,9.641198587497396488e+01
6.187540017407015647e+00,1.934104673163296040e-01,1.395668640896137624e+01
2.693269749210084107e+00,1.815538462913498796e-01,6.825326543733558537e+01
3.725302112025422385e+00,7.462804630976601628e-01,8.242798831158079054e+01
1.105300712264668084e+00,3.574081190826093879e-01,1.438124833901089250e+00
4.812040331487899003e+00,2.913462726290130811e-01,5.904508118970076680e+01
7.787669696816233333e+00,6.723192061613428860e-01,1.724648767943281147e+00
5.733070214035885570e+00,6.240526950887129720e-01,1.402800011608610342e+00
8.322342105033536441e+00,1.004416257703027726e-01,1.203394542087487862e+00
2.020883592409242979e+00,1.447229195838396487e-01,3.132532195012434073e+01
1.398325796445766933e+00,5.781072336316803728e-01,3.929885065664938892e+00
8.958588885678324232e+00,6.733773303430581336e-01,8.378135042890493267e+00
1.218845130805572996e+00,3.370487005530051761e-01,1.862810719374641266e+01
3.598716894019869716e+00,2.100951722801692179e-01,3.439855014383263665e+01
5.016935686168218389e+00,7.792229348878313422e-01,7.335536422137858281e+00
6.638943015326919550e+00,2.865810577189668029e-01,1.766785030698031633e+01
3.503734755163526504e+00,1.495811779049165957e-01,4.122274090487573517e+01
6.315649190890081144e+00,5.078087610264421237e-01,7.722445443079587690e+00
3.170940304128635479e+00,3.919934976046577368e-01,2.217449212296430439e+00
1.281820669617566244e+00,3.282845385600517973e-01,3.951717440930173098e+01
5.331651290368832008e+00,1.803755592282444142e-01,1.404498353678280154e+01
2.311937963600505075e+00,1.743801315886369385e-01,6.185665237790269799e+01
9.682070221743295235e+00,3.388522868528614507e-01,9.984566640749767430e+01
1.387859238716143473e+00,1.781232124201972689e-01,3.590131479036554829e+00
1.119629543997022081e+00,3.134064582378319197e-01,2.331017543106558065e+01
2.988038670121705209e+00,8.743895037744441323e-01,7.976836441005533018e+00
2.702059370743350453e+00,1.392860758226421025e-01,2.166239538524240338e+00
1.757746897692716193e+00,1.208551296547440423e-01,2.686551304535383267e+01
1.778294667860538247e+00,1.320879501790633292e-01,4.136761640239727456e+01
8.839678037487102458e+00,3.554185261319166567e-01,2.896236560624386769e+01
2.704604650007647493e+00,4.118856434919782039e-01,2.169397439694290242e+01
5.349248402959379867e+00,2.465719685139789452e-01,1.123145266658138475e+01
1.897485814216034905e+00,1.026489950504110849e-01,2.717061439505253251e+00
6.482967393264092770e+00,1.331723098748306411e-01,1.964290526844594709e+00
1.095213477713089523e+00,5.892462020668077782e-01,2.848298191925102696e+00
3.370304769619007601e+00,2.620379972917439848e-01,1.203114295704766468e+00
1.255032980020575062e+00,1.324575643883966203e-01,1.502351651352249462e+01
1.349681469404651502e+00,4.351255237111201768e-01,3.349767046116540570e+01
1.641472108074690572e+00,5.781238784036190070e-01,6.251012424957896663e+00
1.235921667892620590e+00,1.436684250789896644e-01,6.333176647977602158e+01
1.279465663869443270e+00,2.042160903972847497e-01,1.379491523583492985e+01
7.601014464088887479e+00,2.677204076579238201e-01,1.790278458526803718e+01
4.770456470085986389e+00,6.610696571578087433e-01,3.818226884324630532e+01
3.139633592617748992e+00,3.227344710710292053e-01,1.499500094551808083e+01
1.534829136952557516e+00,5.753215889282652373e-01,1.378911729923015628e+01
5.634385093892836593e+00,3.338381408577053011e-01,7.260053985040478608e+00
1.422219433798430188e+00,1.452779871160252978e-01,1.220828047739151989e+00
8.243497589971996220e+00,6.607965085622707901e-01,1.084018535017019325e+01
1.895984745566255070e+00,7.818334718848578557e-01,3.847938634412157999e+00
5.808145772109877036e+00,1.699981640589768028e-01,2.024414673925538466e+01
5.452184823809494318e+00,1.351287830660217737e-01,1.299359193407206847e+00
1.011859311374935233e+00,3.209730252735907841e-01,1.426455579019342856e+01
4.138174831072530147e+00,2.246871448190984610e-01,1.327222828562500467e+01
5.469507726706267725e+00,1.154001592517782115e-01,6.660441559696697489e+00
3.363328184669140519e+00,8.249843284547876410e-01,3.140266994677659795e+00
5.375437388637625880e+00,2.585424715883442026e-01,3.378151769671749793e+00
5.411152571017642465e+00,1.360932017955210627e-01,3.762639595746910537e+00
1.049771802803059595e+00,3.310375491650978663e-01,7.471840358211977673e+00
1.710264164102278661e+00,3.914926692130081820e-01,1.915820392997014343e+00
4.914435867416790948e+00,5.930091096641029180e-01,4.474085621437946969e+00
3.797362844449615249e+00,1.978864448229382678e-01,1.434528720659462842e+01
1.719395222930342859e+00,3.098108273416530500e-01,9.893280020316188939e+01
1.209122584903474573e+00,6.555565016839557391e-01,1.120045306767693205e+01
8.945716861386717511e+00,7.660681666026205594e-01,3.341354857501591891e+00
8.415929623364041490e+00,2.083270862402060719e-01,9.201672885609360719e+01
9.341190918798284670e+00,4.686622565946940711e-01,2.317950515427949298e+01
5.803982636045715182e+00,5.172064917799580330e-01,2.922587795510562714e+01
9.342417398955046082e+00,2.987022441459431521e-01,2.010216946923742309e+00
2.763771388623748049e+00,2.463723328837675863e-01,4.002755506308179889e+01
5.107370390201075416e+00,3.800734271150376098e-01,1.594414578329276999e+01
2.025569336643727514e+00,2.289831748657844279e-01,4.099099018954586171e+01
2.663111348341274720e+00,8.151564042435572865e-01,1.663079104799670560e+01
6.932892119898351524e+00,1.487418934764336564e-01,4.022233727402535663e+01
3.186391756735555525e+00,1.045304288955207217e-01,6.389033490932145121e+00
8.185946949002302020e+00,8.535581703884086435e-01,5.144495448220455103e+01
1.176451224277815788e+00,4.439425809791588406e-01,5.323991475430637443e+00
9.580718624392781990e+00,2.247788877105479088e-01,1.315145259513580633e+01
7.957457164890877621e+00,6.058420378188610345e-01,4.662097923947207789e+00
1.081194986316258877e+00,1.368718324041225676e-01,4.224150070292435544e+01
2.002340336705354051e+00,1.376211529647569376e-01,3.407336047404193824e+00
2.260800806583920686e+00,4.934164907296357816e-01,5.109231908086482576e+01
1.617584067140295234e+00,7.195469384141717217e-01,6.196730332020823795e+00
1.436682211402966036e+00,2.918713843600085345e-01,3.075331504996916365e+01
1.453865127237837340e+00,4.656161677654337971e-01,6.670457401901428796e+01
1.197262350364435290e+00,1.914400187656369878e-01,4.051276592285968547e+01
1.584135863986007475e+00,2.817652493775874567e-01,5.059167244687230180e+01
8.588646150521507039e+00,3.472304969116928319e-01,1.149739045662640535e+01
1.900125863870933296e+00,5.841886010882801905e-01,7.605493266379646400e+01
1.652962507280461901e+00,1.128223433396228492e-01,9.339488167841587085e+01
4.407475852753657719e+00,2.972903009706340249e-01,4.227991094392572080e+01
5.624557241959111664e+00,1.513964800001146027e-01,3.036595873707541582e+00
3.416211416857490857e+00,3.595970755242588468e-01,5.676832999432635063e+01
2.073509386195706128e+00,2.176479092111973657e-01,1.794749836971608659e+01
1.734616092296853207e+00,2.587395775555109134e-01,6.355062521618540217e+01
3.674339119819928445e+00,1.846737212900069758e-01,9.196249770597991358e+01
2.249603729905272687e+00,3.964760092630056354e-01,9.692597066009192019e+01
6.237230311426778862e+00,2.206308392298591825e-01,2.188854287023699996e+00
1.033234053022951349e+00,7.170001893232302859e-01,7.968168231450634131e+00
2.904176156251498497e+00,2.733534354012030487e-01,2.689580302199436890e+00
1.387447218974211971e+00,4.704608851217333410e-01,9.543814546347550731e+01
2.075319461337118643e+00,5.852409235205411342e-01,7.265075767645904570e+00
2.650283158818220297e+00,1.621369184058788493e-01,7.015813705226920938e+00
2.202187184299892575e+00,3.536025919638898785e-01,2.387539936829782050e+01
8.273491547851193673e+00,1.596023661453253029e-01,4.949147006380532332e+01
7.665173212520344670e+00,3.916249557474442144e-01,1.687312780358507291e+00
2.342709936057644882e+00,1.431982803723186315e-01,6.623692932659715815e+00
2.426183782885563911e+00,3.884998303734062408e-01,1.000014210225326039e+01
3.646482290216866318e+00,3.030663529886568064e-01,2.314313222825109762e+00
2.844653717697765760e+00,3.263202216985000570e-01,5.410682527742255843e+01
5.222449102096496709e+00,1.549086855978886734e-01,6.496988765606750427e+00
7.097333915671440785e+00,3.398789741082554050e-01,1.883856152124608441e+00
1.458934385632495889e+00,8.838679706380500045e-01,2.175398404419583542e+00
1.516582184520067544e+00,3.449806867186802628e-01,1.217743550803761066e+00
4.051195565710525415e+00,2.303189056611702479e-01,7.968512954849910557e+01
9.530814091426529799e+00,2.591926665407099373e-01,1.353880613790233944e+00
5.591536257330516513e+00,1.111188798222752794e-01,1.100232588309127735e+01
1.217762989449489908e+00,9.206582449869751272e-01,4.678490607816477365e+01
4.651477318586302090e+00,6.548700731836192279e-01,2.706025662627174810e+00
7.463295316435654136e+00,1.480479455443793613e-01,3.105775021065871044e+01
2.884102815807862097e+00,8.139428203183246557e-01,2.944706613253842864e+00
7.121330158245256392e+00,2.725636419780776976e-01,1.276352389201969650e+01
1.876550537520254469e+00,5.715147159767445251e-01,2.131593425434781608e+01
7.662261155410498681e+00,1.626838404947614503e-01,9.414468757958097456e+00
1.193169139915401633e+00,1.644685696827842825e-01,4.992356104118334059e+01
2.469062315112457107e+00,5.704744819055416194e-01,2.567074782298422342e+00
3.922442009311045474e+00,4.574755854488870566e-01,4.815072260645059998e+01
3.496914405050841168e+00,1.582197874912898150e-01,1.272117630764553198e+01
9.118707187473868103e+00,1.858393067337920090e-01,8.025791729897771631e+01
3.922478604640025512e+00,8.674164457634829795e-01,6.629753975765653706e+01
1.984796276950021809e+00,3.932844160689697999e-01,2.070561686570018711e+00
4.403142659767762979e+00,1.245842502007663832e-01,4.794418229941829424e+00
1.522684456086348614e+00,7.101952290303320536e-01,1.272348639031007034e+00
5.992616505340091493e+00,3.855879381366096315e-01,2.208634232064041747e+00
1.459570976750781179e+00,1.013224124301005113e-01,5.723621109874255097e+01
5.909190662378212444e+00,1.625241003834581865e-01,6.841548692089841843e+00
6.511684904551119146e+00,4.334167528489332732e-01,2.925741508421922532e+01
2.658666854500462140e+00,2.889151376173644259e-01,5.305337306020356358e+00
1.693711947101693260e+00,4.061927263397174803e-01,7.654959176777207119e+01
7.163527134967888621e+00,5.569375631906882118e-01,7.614823453066816228e+01
2.366516996317526100e+00,5.591056402542973203e-01,2.302616169772771837e+00
6.509714182492374768e+00,2.459585260147242880e-01,9.022454379663921031e+01
2.848940758783392813e+00,5.392016819020695184e-01,2.270685718905982142e+00
1.331868187632096356e+00,2.183828555332582577e-01,4.663073781397275042e+01
2.016615843794690832e+00,4.355175234967058051e-01,3.034455712850916864e+00
3.161387316910535539e+00,7.061140791785216475e-01,2.287676792792077407e+01
1.046581695662671674e+00,6.640431436794533848e-01,1.585632173163462832e+00
1.542057435015260269e+00,5.322975839686320265e-01,9.173402200281853425e+01
4.742424746975791194e+00,4.271496551172700995e-01,1.184002958299745112e+00
4.787378248469901010e+00,4.544321033599135751e-01,7.322959889195637118e+01
2.289193043430659547e+00,2.035135097009952987e-01,3.222042889921699960e+00
2.456060180729108477e+00,9.631585721227197139e-01,6.664053845955521638e+01
4.231942153524782313e+00,2.455064389976517325e-01,4.693927304202206940e+00
6.616761875430000828e+00,2.854657218788402839e-01,3.198467107265123843e+01
8.699350217056707635e+00,3.068065961303602096e-01,3.361278508470835646e+01
8.155890212792746397e+00,8.832666498511498876e-01,1.724900382448966951e+01
1.273559415879575774e+00,7.074469781853162109e-01,2.577213966942339596e+01
9.087679558943836611e+00,2.022494848244549559e-01,3.367289964720796291e+01
2.252783690237997849e+00,2.313363652426153327e-01,1.035172659767729364e+01
6.795362809830889361e+00,6.067800789042874232e-01,2.286052976968598660e+00
2.112846261021740002e+00,3.021163880228752152e-01,1.319253002288968801e+01
1.042964158644599904e+00,1.760907518575711705e-01,8.679349319452309430e+01
5.615528388994134978e+00,6.973688330122996826e-01,1.286889584829558064e+00
3.911986875478906889e+00,5.220425064165612472e-01,2.014662731030018250e+01
6.062773176115618945e+00,6.285062791851915298e-01,1.455173894929927547e+00
4.787281828364976732e+00,5.250096182401640110e-01,7.129938961771163974e+01
6.067661508538271242e+00,3.506791029822965977e-01,2.063357264811828351e+00
1.826215382721893876e+00,2.451675665725938924e-01,7.702085726877236915e+00
7.472716593707843913e+00,2.626065538262352672e-01,6.165662018398533917e+01
1.388568235301484544e+00,1.651560587980864803e-01,5.999726997883772839e+00
1.104189779134589156e+00,1.442281003733505429e-01,1.675826355049349736e+00
2.886547019908914269e+00,8.854374666405516736e-01,6.147180465339039834e+00
4.718698213671987496e+00,4.346651646258310464e-01,1.393680370608948005e+00
2.031233556350858560e+00,3.475053116335930503e-01,9.321060042460228345e+00
7.684877598737419824e+00,6.876263137496412270e-01,1.911618329133450089e+01
1.919742514306475245e+00,2.010576123032790374e-01,7.704612683747899382e+01
4.911488250970974967e+00,1.424986475017889220e-01,1.449289345754134217e+01
5.045780130909675698e+00,1.441325022387101307e-01,4.985479368206389594e+00
1.176744292232159594e+00,4.848415025519318133e-01,1.341917097878569898e+01
3.114643314932449503e+00,3.916058961631598279e-01,6.593557367379428058e+01
3.802513818026604042e+00,6.961066804005423547e-01,7.652865933395907483e+00
2.432410974733762998e+00,1.376941556652563903e-01,9.224539844690727364e+01
1.930948490802637529e+00,4.051876563484386184e-01,1.262616494851938675e+01
1.497944772488433385e+00,1.887552541725317501e-01,6.348723946472319746e+00
4.891835533520255908e+00,3.685144948928206210e-01,1.109535801316575698e+00
6.882843483885792146e+00,6.188675995719060685e-01,8.667220567138318188e+01
3.239492237281931253e+00,7.971098674237124815e-01,4.108685104222571027e+01
3.857176221781164482e+00,5.330409677774805566e-01,8.112393414193269336e+01
1.971310555411918575e+00,1.106575115515353730e-01,8.104853275310237137e+00
2.344810135065833467e+00,4.734106685846944940e-01,7.183664163544640324e+00
3.707595311038247132e+00,1.976454105202332667e-01,4.213661947088847626e+01
2.264287486349656042e+00,4.648130453644420124e-01,1.794934652823544141e+01
1.792411252217499307e+00,5.720329173964593394e-01,2.350007602878886548e+00
1.779479617943764858e+00,2.810590609939177531e-01,2.356789902364910816e+00
2.389754850890990490e+00,7.766730622449616872e-01,8.632259671890571084e+00
1.711562208307563226e+00,4.062045747054432998e-01,5.528838810066299736e+00
1.646809566643874900e+00,3.092775113443779200e-01,6.358717607418818574e+01
7.660984705021807173e+00,2.351432469000873660e-01,1.393810842176082421e+00
1.326288571443370978e+00,5.728592295301500048e-01,1.126780801103132035e+01
8.254357801313007670e+00,7.705976651641931463e-01,6.921739747420038391e+00
6.893831467836635696e+00,3.496785875328044524e-01,2.358340097692694215e+01
3.886532847078701280e+00,6.024614462504268575e-01,5.622811687637224942e+00
3.111725860855320214e+00,3.528480251417575597e-01,7.321422154759154921e+01
2.474025646988009974e+00,1.229834342142519937e-01,6.396476021276091473e+01
1.126585698889487119e+00,4.344431701611213836e-01,4.895711185643013152e+01
7.748073112385515770e+00,1.054113503556953907e-01,5.032656604334835748e+01
3.052488438444268759e+00,7.625233336332114531e-01,6.834591486346241140e+00
1.708116152475667837e+00,2.498193878063482420e-01,3.318307051390997131e+00
7.713051327983292182e+00,7.657265919446013536e-01,1.386050413277624571e+00
1.060970179329983276e+00,1.462445068886990274e-01,4.660054196352835731e+01
7.103893136813971054e+00,5.632556760526984396e-01,8.330071366908840957e+01
1.272321575109911507e+00,8.941717613465833825e-01,9.331147280884657391e+00
7.882107023323078998e+00,1.251076784034303169e-01,1.892622775337275298e+00
4.142307378476913549e+00,2.874509235873922708e-01,1.325438463576902537e+00
2.412941709566908788e+00,6.668359871095564939e-01,1.003249244339485280e+01
4.884942234161568919e+00,6.291932550454292228e-01,4.214956600731730063e+00
4.776896021990251207e+00,1.217328993518125013e-01,7.777031925266014056e+00
4.653518578145613205e+00,1.511027132769725001e-01,4.630056314077855006e+00
1.033344531537945477e+00,7.173754400302262413e-01,1.756665314258448296e+00
8.404482184799862310e+00,2.321535761439530721e-01,7.715881269805200304e+01
3.016240312957855441e+00,3.644543648630179655e-01,7.275825061847307929e+00
1.100028836361601536e+00,1.329492615379221365e-01,3.104314145129332303e+01
2.114791199020794377e+00,2.728772946425157553e-01,7.485168546979749316e+00
8.891244386544348899e+00,1.579698676436780136e-01,6.193664982909742989e+00
1.829718090649848028e+00,7.062614199923716862e-01,1.115748421731067097e+01
2.389009612240593494e+00,1.305299059276156526e-01,5.091017822112350544e+00
3.710250168199773935e+00,3.262943335138964729e-01,2.678009344876466713e+01
4.176704440859514200e+00,2.549308887853294903e-01,1.312774637882021755e+00
2.520102068895263336e+00,7.478552572023332567e-01,6.406785002513981198e+00
3.251102376485884182e+00,6.346859591376869947e-01,1.914308138319533015e+01
9.708853633601426836e+00,1.531697068831376352e-01,2.851140284671233260e+00
1.094559831853993304e+00,7.152212226922879390e-01,3.011076767359316175e+00
9.708555504287856408e+00,1.218779051592763091e-01,8.721841831795604350e+00
2.297720489803628308e+00,3.793203925053457159e-01,2.617262327897367680e+00
4.971015458905480244e+00,1.997343613460663136e-01,2.503435613699596107e+00
4.517682202064168706e+00,2.050878401191600087e-01,6.174849836413976334e+01
8.527700919583629968e+00,6.625219432143290010e-01,3.630842003486717928e+00
6.677506809619435657e+00,1.097009568523597128e-01,5.607381335951046708e+00
5.511703972462674628e+00,1.622178791380412544e-01,2.808249565301017103e+00
1.530704088938373397e+00,1.353691075603009053e-01,4.154283728967335776e+01
1.048907142956770677e+00,2.473270735732979730e-01,3.285747908691913466e+01
3.722310072733292508e+00,9.087714259397763339e-01,8.059567835581313844e+00
3.782587773184086455e+00,2.147887545887753047e-01,2.254342117449365901e+01
1.325957462159940814e+00,2.960064780897682102e-01,8.218753616224680059e+01
2.067603832747455517e+00,5.054840082213080121e-01,1.950326984422505738e+00
1.865198537661841183e+00,1.432894695492135662e-01,1.044398424783325563e+00
5.459381701214415905e+00,5.095049058099607731e-01,1.453422266626184456e+00
4.264717848412979961e+00,6.086300879011147247e-01,1.453975490093178946e+00
2.770467640796881792e+00,3.812697310160459985e-01,6.070697337394392434e+00
2.015672675667012026e+00,1.374123630361884230e-01,2.671941009813922108e+01
2.472995090356198578e+00,5.626457239635825891e-01,2.958017887849571093e+00
5.693739015012054594e+00,1.224073200479623008e-01,2.062426425123347506e+00
8.656452602121968098e+00,2.857712648386317444e-01,1.467323421130644334e+01
2.509500213219671316e+00,5.387354837085515102e-01,3.080466326056058524e+00
3.204836086945896945e+00,1.187291128750688207e-01,6.373534604236877676e+00
9.068464664410328169e+00,1.802102017026428749e-01,4.778692173241687868e+01
7.589486098941496728e+00,5.983826346072020907e-01,2.986096939987919896e+01
7.258712433574798339e+00,1.911775857450022653e-01,5.213701699299375036e+01
3.482803916828281832e+00,4.433439464979332389e-01,6.467726171220199660e+01
1.005629901366314582e+00,3.969476041008994649e-01,2.459864912851304908e+01
5.791054947983609758e+00,2.818860296334292914e-01,4.065314715262519485e+01
4.319648873662880639e+00,7.373041236665628384e-01,4.105246854993133354e+01
1.916011874351680522e+00,7.531474495703046612e-01,4.599499677954678845e+01
3.079289685178904001e+00,7.674208390684554848e-01,1.724230858346080453e+01
4.967854356126665039e+00,1.368783511487842164e-01,8.123160105530020303e+01
2.799729534698335964e+00,3.318272529959733763e-01,1.286609839440171488e+00
6.519483713995981589e+00,2.659560343265573445e-01,2.991579585000889452e+01
1.182614691612110747e+00,1.790954668325420440e-01,2.876047376352705243e+00
3.019164076188902701e+00,9.980850222855530696e-01,4.474327222851373875e+01
2.757839018569994582e+00,3.895756722628014312e-01,4.891454726596190028e+01
2.970585190700135936e+00,5.280127187994942961e-01,5.400873106358946529e+01
3.394292093294954960e+00,4.324702895593093843e-01,7.230853755501787994e+00
2.840965301650986596e+00,5.428484908799589004e-01,1.448341800011183267e+01
1.081848277536384906e+00,5.470115352553860388e-01,1.077496004903613347e+01
1.110605265217498028e+00,3.982380528073348191e-01,5.757740020380214929e+00
3.622024068466408231e+00,4.208495261205386639e-01,5.123815475398698993e+01
9.091881050449911683e+00,2.579308128851179327e-01,4.085510128876339131e+00
4.816350483087072476e+00,7.213486862324081095e-01,1.714765598519350398e+00
1.535399147375232420e+00,1.423330855588752497e-01,2.038424518011976261e+01
6.465018438813347146e+00,5.579047873412155134e-01,2.072489594288391501e+01
1.369260187681909935e+00,5.980640566696714400e-01,1.183574845945808418e+00
2.545900945974538754e+00,6.950016167676051904e-01,1.044295999416144838e+01
5.361890815441347158e+00,1.486176950081249948e-01,7.840577787186406056e+01
8.695194275831452657e+00,2.715715139398242606e-01,8.954894822017758216e+00
1.364139770408871577e+00,9.801456174347111805e-01,4.333025631781665510e+01
1.185464092496628208e+00,4.915845075460414937e-01,3.770496300811452528e+01
8.730497657811721268e+00,1.906326626821373271e-01,2.536123284653323928e+00
1.200820264534425696e+00,5.492220903092482898e-01,3.575746410491507987e+00
2.217916654028711410e+00,9.449963513052785924e-01,1.958290064979529621e+00
9.915295508569270666e+00,7.915713039597537248e-01,1.708507645564541599e+00
1.091385828392688273e+00,5.729108278486805261e-01,2.910754893015184752e+00
1.385919682012080489e+00,2.986329903147274534e-01,1.413434354176662033e+01
1.844349484049980781e+00,1.692683395559389514e-01,1.314604886195773048e+01
2.810219759509407833e+00,1.132934390074009923e-01,3.656367349218731988e+01
1.120213961175900996e+00,3.793114137040143330e-01,1.741911126290999867e+00
2.140811109080001717e+00,7.104977956806776129e-01,8.362324637751937928e+01
1.782293562608178839e+00,3.616184007371161524e-01,4.355245121161800625e+01
1.439532560778101766e+00,1.392691398097775923e-01,7.075079494648951695e+00
1.000780443190681046e+00,5.791234716498163682e-01,4.904944529437517353e+00
8.110506696775978241e+00,1.078108190384725606e-01,5.630974459576200353e+00
1.019917078698574286e+00,8.409642968135584429e-01,1.940852472475649071e+00
5.568689050536486107e+00,7.766812121626931464e-01,9.931605466474815103e+01
3.294509847314151418e+00,2.498516601001607718e-01,2.495497945323195133e+00
5.130502480924774567e+00,5.325696909504471499e-01,3.245804022426299174e+00
9.742554404451052363e+00,6.307748964702396544e-01,5.831493622670851096e+01
3.018522376400702534e+00,9.876125075110931961e-01,1.480834232855805066e+00
4.625904786690014703e+00,5.738385843538290620e-01,3.445002140087225939e+01
8.005552153156843431e+00,2.803028352703726966e-01,6.108331498196650955e+01
1.212916515747814117e+00,1.315832390120565409e-01,2.336099080830097208e+01
5.777321603967982000e+00,4.012314554747953288e-01,4.780433497850073543e+00
4.474478857983652524e+00,1.241287068641821478e-01,2.582811214063286798e+01
1.595904867958198192e+00,1.062960538830591412e-01,1.554634498906856122e+00
3.044164318196225683e+00,1.638693278197331515e-01,7.223287880949000339e+01
5.312436848111724785e+00,4.364876737942297025e-01,6.646837768325737805e+00
1.017444008064764649e+00,3.791146554956539294e-01,3.593466042404761307e+00
5.310162854980303493e+00,3.727523137949876331e-01,1.756441119477049728e+00
4.429813339947925144e+00,2.084995004019787046e-01,3.501929681499442637e+01
2.291677122192467220e+00,1.150495214414927608e-01,2.699799907830423784e+00
2.034022567186254626e+00,8.312414938427659106e-01,2.646321820917132683e+01
6.373413106427734398e+00,2.050864807068929208e-01,4.437947988458241788e+00
7.167202831068005153e+00,8.561193134121541926e-01,6.582159920018116672e+00
4.706163916889321897e+00,1.319451000368458138e-01,4.344062797429238998e+01
4.567433430645035486e+00,7.832711077836239655e-01,8.570840272431966866e+01
2.292356467435985312e+00,1.688801211686008774e-01,3.950480479277585744e+01
2.382128879425640111e+00,6.710275824233309372e-01,2.414309918135471467e+00
6.386968392873798805e+00,1.006152386732082071e-01,5.570650061767989492e+00
3.291740772047092811e+00,7.729420050164192979e-01,1.910972753228030996e+01
3.736270726142524978e+00,1.849646987624707362e-01,1.545164232243521951e+01
2.627383232637274801e+00,3.825679919333171419e-01,6.059742503069132979e+00
2.167274115188039474e+00,8.220550293207193882e-01,2.885257969902643271e+00
7.984004069367957257e+00,1.062872457440641044e-01,1.043028810299168274e+00
1.341217587409410106e+00,9.427623612556912391e-01,1.873077658821379288e+01
2.585519417196308734e+00,3.090175841184486516e-01,2.104624566349615833e+01
3.190975169103291709e+00,6.674419956531747466e-01,4.388211110501575973e+00
4.869449364474713882e+00,5.824361115156899693e-01,6.094878927072665675e+01
1.203588639368611268e+00,7.452691048293779152e-01,1.667986291934887078e+01
2.561568204035832963e+00,1.164174950974466299e-01,3.906721158404754313e+00
4.274724802679980229e+00,8.903546290157596799e-01,4.275718618065697285e+01
3.176864757797464467e+00,7.501884502133110422e-01,6.852456675420387455e+01
7.434242594456525133e+00,7.656851649249107883e-01,8.653129838675040375e+00
3.334252295288266943e+00,3.176551300311256654e-01,2.451719562624922233e+01
3.972231023894082558e+00,4.307775478540666891e-01,1.617001706281136597e+00
9.114142048787130079e+00,1.030198504918170416e-01,1.025485178728264390e+00
1.062200818409648750e+00,4.412737967493689517e-01,1.386094215813183261e+01
5.818057166234599009e+00,9.344712729109246885e-01,1.173754905943173199e+01
1.585760870529948852e+00,1.773106391420722350e-01,3.056810321041704803e+00
2.185191793257934556e+00,1.393188286203922155e-01,1.910389309209836295e+00
2.373780529329971856e+00,7.865012503690327339e-01,2.029795036234983030e+00
1.310645172318702256e+00,2.499734333435187639e-01,5.062214677723104472e+01
2.158654250262284080e+00,5.545194687798892241e-01,5.445895737311585094e+01
3.927190147359425509e+00,4.812130925757710509e-01,1.499387347229117395e+01
4.558318668558664299e+00,7.618279395501447171e-01,2.132344252250663885e+01
6.392543646791460255e+00,6.184721440463535336e-01,6.662144815430382039e+01
4.142849341742924629e+00,5.254165171174498550e-01,1.489188746760164683e+01
1.106179945510226137e+00,6.343017931726286918e-01,4.442027646764088900e+00
3.807544026811837234e+00,1.772289108404961067e-01,6.261602613291432817e+01
1.636784952936181092e+00,1.924879668777148278e-01,5.336053561880400586e+00
2.041458314890821857e+00,1.777967828773010239e-01,1.837793186200484286e+01
8.475905856542205186e+00,9.821283468799494321e-01,7.772319022107620867e+01
5.096184624241585581e+00,1.657925369163027463e-01,1.361276488590652178e+01
8.501938278077389555e+00,1.008950105748616377e-01,2.424075953590249188e+00
2.513428919271907258e+00,6.585748896156247145e-01,3.673999475187182284e+00
1.321306707440974337e+00,1.568556722554433625e-01,1.168259817404762302e+01
6.416871446506469567e+00,5.484669841678092572e-01,1.119929383499485009e+00
1.116402758284468000e+00,4.900139553746464816e-01,2.822327302770917967e+01
8.300940753367807901e+00,7.990721776035069057e-01,7.299439120405634362e+00
8.367834321478010651e+00,5.344199558143841733e-01,1.521263489725163076e+01
9.894555686311965914e+00,2.051442553933552626e-01,1.120018597914615333e+00
7.905663590781990102e+00,6.392778694205827339e-01,1.432886309577004136e+00
2.185207904050132655e+00,7.540289030180306051e-01,9.702772135731771996e+00
1.462150492066701446e+00,8.910005271589085396e-01,1.074582458500036086e+00
2.717316344687632501e+00,2.299461157802460409e-01,7.286985806169657742e+00
5.902233674620563697e+00,8.341871831390895720e-01,3.125692367786275838e+01
8.536149933731090655e+00,4.594129403415220803e-01,2.060940368315602900e+00
5.136907341961113538e+00,4.040860570469906876e-01,3.332567075734976125e+00
1.089285866903181743e+00,5.138612204431525221e-01,1.532452759267813436e+00
2.777403090492195137e+00,8.088245432282878955e-01,1.973587207063797067e+01
1.494896500946780726e+00,6.176567534395291936e-01,5.731603362770930232e+01
1.286067977896963921e+00,1.928267314552846445e-01,3.034123791822499427e+01
5.282431483375888526e+00,1.645273418852369884e-01,1.946893497136062834e+01
6.486379598410040082e+00,7.888658043334373371e-01,1.261852256600553979e+01
7.421731876829420038e+00,5.091345937002357269e-01,1.936548742449917881e+01
2.614893526103531318e+00,3.766952432525211836e-01,2.609523967730246596e+01
1.757644926338745028e+00,1.322580782672385658e-01,7.450899648425387056e+01
9.544104494113922144e+00,4.960989414421996258e-01,3.512050297885437544e+01
1.793040386374526562e+00,2.505711609868142564e-01,1.226700710676923300e+01
2.585184400973857599e+00,4.524066173628920051e-01,1.616791936113669337e+01
2.386756590152073088e+00,6.186581459751512302e-01,4.952944297924473460e+01
1.205245345877704599e+00,1.099438277441915912e-01,1.391137743785891701e+01
1.033504200986008481e+00,7.289939506896322419e-01,3.544526010531799187e+01
4.376563755885650053e+00,3.330983621127410754e-01,2.057505771123656402e+01
3.637925843506883972e+00,4.177896051485367468e-01,2.187981733488007663e+01
2.091151946626186753e+00,7.675674594453812949e-01,2.756883334162700905e+01
9.582915266982755753e+00,1.379608071708251504e-01,1.541739499591024742e+00
4.597307474414592754e+00,1.397061641303999902e-01,4.159655224636710358e+01
4.094566487843315450e+00,1.139171177529838541e-01,8.135418490336192576e+00
7.442533783709071926e+00,1.304610553797982131e-01,1.389646753351316377e+01
1.588989809692431088e+00,7.270425708790484443e-01,2.987515931640109201e+00
2.157826132400390229e+00,4.024862454500802156e-01,1.060856366869749712e+00
3.151500824558974845e+00,3.094712013440462650e-01,4.494501534959866262e+00
8.594614684738330013e+00,1.577771603697555036e-01,8.288918658061465550e+00
1.726270825086586358e+00,1.996059845230116481e-01,1.616619614668118432e+00
5.834615059659899572e+00,7.884309444344890228e-01,1.521469742088115851e+01
2.982641043486127241e+00,3.021282124333067309e-01,6.088038747041587762e+00
4.653382384953811624e+00,1.460814282404700459e-01,2.272175337826556341e+00
2.500158421616281768e+00,1.619210889914726448e-01,7.835567914764983755e+01
4.105522433185252673e+00,1.248887114059501480e-01,2.979680626766816687e+01
2.852235862701823166e+00,4.112010203603165825e-01,1.167748118970263871e+00
1.022148032893553937e+00,4.298906289542446246e-01,1.011952751662465566e+00
2.452216113334580339e+00,7.551800967575656998e-01,2.163137145954983076e+00
1.261174278225827727e+00,3.987590089159075979e-01,2.889656203739312446e+01
1.627468493248169334e+00,2.198378548267665156e-01,3.187109127412766441e+01
2.182757752897983128e+00,5.123160017714822878e-01,3.322630451921609662e+00
6.070289206978022989e+00,1.725227790917492066e-01,5.563645712369138074e+00
5.498086930146212303e+00,4.859306178033149237e-01,1.263663624883136372e+01
1.730865755234462622e+00,6.454212314013275664e-01,1.687740545046059637e+00
9.867552922549021943e+00,1.370754573969699408e-01,2.885559950660112172e+00
2.451488430009052255e+00,1.840707268576584899e-01,7.799789276550860961e+00
5.433524288547308956e+00,5.219862878020045116e-01,2.874469699256071209e+00
1.503114629670182945e+00,1.506811067237256441e-01,5.054434405608844827e+00
2.119611658317294811e+00,4.722995211414477423e-01,1.163368713059599635e+01
1.348370065178836619e+00,1.680974294914628631e-01,2.981354018212804657e+00
1.012797714740388599e+00,4.956693720388884450e-01,1.380711888680756338e+01
6.624962846646273107e+00,1.137885548621717369e-01,1.961304416643241844e+00
1.109545446932699075e+00,3.489074980270266413e-01,1.459340925271622291e+00
1.334451760292176603e+00,6.923271107081572229e-01,2.859524186515913780e+00
3.132146804950334040e+00,4.787067922650903862e-01,1.540505488127328571e+00
6.174536144439479735e+00,5.024954157500942653e-01,1.846077307662480571e+00
2.042854922490736413e+00,5.225611630985530498e-01,1.012463105822521303e+00
4.040262395784981031e+00,1.712575427768228964e-01,1.104500782653489610e+00
8.334652979926900684e+00,4.379378303618828849e-01,2.284304572185490656e+01
6.965568566062020572e+00,2.916882498222896358e-01,9.637196526288676068e+01
1.850544474576742759e+00,2.281452617047709519e-01,1.409841135442695403e+00
6.341744391998131114e+00,3.206300770199189687e-01,6.192382189261967085e+01
2.300728344254447499e+00,1.594140051552692394e-01,8.698042220893546173e+00
2.177750995537357515e+00,1.121722965369573721e-01,2.341691702802601327e+01
9.125333025428767897e+00,2.161655838474709490e-01,2.437170939965550343e+00
5.110069579012042063e+00,1.619769968703139440e-01,1.724638092852962545e+00
1.890225598641797511e+00,2.850009610302193797e-01,1.301212633262437857e+00
1.791819969002469204e+00,6.049165696812724979e-01,8.057335461887304007e+01
4.616322555331473509e+00,1.858710069723491787e-01,1.341641399977411497e+00
2.642433452886483014e+00,4.014694092551458482e-01,2.302410242545433583e+00
4.007754083071844775e+00,1.397332803505224597e-01,1.124845579908493542e+00
1.198882153680880247e+00,1.313838960054519167e-01,2.460631457623799090e+00
2.652200701608168121e+00,1.022568003053318797e-01,1.939920991372607206e+00
2.390211009343877091e+00,5.824597808755574979e-01,1.258347280467273421e+01
1.935835724196624419e+00,7.991149813640263666e-01,5.996214829777065880e+00
5.042449060751823531e+00,5.552805338195720974e-01,4.196285899074375436e+00
2.167538466124068197e+00,1.896963635456369590e-01,4.015965742072219768e+01
1.395869042440992969e+00,1.002392170644643421e-01,1.436936220473882031e+00
1.786078579100282226e+00,3.540296352681444603e-01,2.514482872303247163e+01
9.005427594004919101e+00,8.889224744987869187e-01,1.541889042177639890e+00
9.080721623552564736e+00,1.726300168412601421e-01,2.024785384010176870e+01
2.916171547431554156e+00,5.828074950685078193e-01,2.005764283821714500e+01
9.736854847255855816e+00,1.026493449529747026e-01,2.556314290765048902e+00
7.617903962748339808e+00,9.420536867667260728e-01,3.468366855283551331e+01
5.909033897822983938e+00,9.289361927221948534e-01,2.832059620448866610e+01
1.911730152911818248e+00,7.589522614767274522e-01,1.634451566476953843e+01
1.237688241212904661e+00,1.000924367118861402e-01,2.407342841866293881e+00
2.253691778114027766e+00,3.593195618336499364e-01,2.729636048683457439e+00
9.648849622636221923e+00,6.549626830844345049e-01,2.586758139769590414e+01
8.679370746770063150e+00,8.730105497512420376e-01,1.464114999296555419e+00
8.512263702488118255e+00,2.162131511376089166e-01,1.911507524816379533e+00
3.531953975481089802e+00,1.740777170007241081e-01,3.700889918847526161e+01
6.682994773337450845e+00,2.431049867142571486e-01,1.498115368514566903e+01
7.916012060013899010e+00,2.662175958544578669e-01,2.160260231531190733e+00
4.350000823930055383e+00,5.415249234367268683e-01,1.103289090674133943e+00
1.274367211652163823e+00,1.346925218625005805e-01,2.112380055069161156e+00
8.689694574476039435e+00,3.717240701459176844e-01,3.758338229097481076e+01
2.362620472377634506e+00,1.069957904683723621e-01,3.032689884310602046e+00
9.850493910606296311e+00,1.323756781928192572e-01,4.183698081158149051e+01
1.706639579517107208e+00,2.996067221336543573e-01,1.146570295298650066e+01
4.392490168009612894e+00,7.506968683510353291e-01,1.520769215773647209e+00
2.274010422329940884e+00,1.997923966129311613e-01,2.110105652693496836e+01
4.445834665836098765e+00,2.745011762385899945e-01,2.456440287602917039e+01
1.299704707814138605e+00,1.304871920333620927e-01,1.878910818294620100e+01
3.691071032112076988e+00,2.149652257478020800e-01,9.449296399442894767e+01
5.721575215570160466e+00,2.610124799095348003e-01,5.048669560311601856e+01
6.150184034297868862e+00,1.831873341065290706e-01,4.948848676438406535e+00
9.414037944016696358e+00,5.473746437088056194e-01,3.245551726073167220e+00
9.659686670549548992e+00,1.754326184336272298e-01,3.352256325037476614e+01
4.345856918140390768e+00,2.258377498354561808e-01,4.191187526226598692e+01
1.530580777657470248e+00,8.277237239198483865e-01,1.032373131986070947e+00
6.292257934331168201e+00,2.504959258388740340e-01,3.439936742377604606e+00
1.131654037296736748e+00,6.707853435544287590e-01,3.055077592432267508e+00
7.682219957440100444e+00,8.059347607842773931e-01,1.214577707104842652e+01
1.439124265614739162e+00,1.826864792613555610e-01,2.589309459273678726e+01
5.829173502064641355e+00,2.102390245036140637e-01,3.526097429830233665e+00
2.036334885216392276e+00,3.220731418023722314e-01,3.415293617595750675e+01
6.914619031840212315e+00,1.470061040120459739e-01,1.440067579477615212e+01
7.088483812911871240e+00,1.277859206754004273e-01,6.767900869117016782e+01
1.216435322550469822e+00,4.717976495248418223e-01,2.021231033223890705e+01
3.314103224543352155e+00,1.427115786810689846e-01,1.142739365771810789e+01
4.469510435755421618e+00,3.878819379679012691e-01,1.312316595972054412e+00
7.629043211746370901e+00,1.068673975473654059e-01,1.227451291892228458e+00
6.262146533205664056e+00,2.624833190959148244e-01,4.095818310028879239e+01
3.281747690521527705e+00,1.083160564213856286e-01,4.842265557518459218e+00
1.693442235474290625e+00,1.985552509030996671e-01,1.231132440072109757e+00
3.921952799191737338e+00,2.389915948701906989e-01,2.442744592892103217e+00
8.176779572201811064e+00,2.029431523305311735e-01,1.610484940897234196e+01
1.638493759426674412e+00,8.353642816091212397e-01,7.304968800092673575e+00
6.481765997172295179e+00,6.763892069979934307e-01,3.069640598695292155e+00
1.135146136604650913e+00,4.328420888768573782e-01,5.926941653867687343e+00
6.012502393708056836e+00,8.229230057290363165e-01,2.248150869577503386e+01
5.412880856637404925e+00,7.599820350523077694e-01,1.948341745096733391e+01
1.301029032103769634e+00,4.182684520570739140e-01,5.801375338986522223e+01
1.843076523709402004e+00,3.588253480422316510e-01,8.275989551388670407e+01
3.714452716176114055e+00,1.936012937763688380e-01,5.096144577030642608e+00
2.603894777137585326e+00,2.716776754399981564e-01,3.483422117592499490e+01
1.210131683769176902e+00,5.072068520856243268e-01,2.511483366906667403e+00
1.053627402773872568e+00,9.541000931969151333e-01,1.441944657396939711e+01
6.622295622981103413e+00,2.212764692713380388e-01,6.854826992886286519e+01
6.470452419523518017e+00,2.148263531430482376e-01,9.135282242990881230e+01
9.332984568439920636e+00,8.374954395083038516e-01,1.685769090993387120e+00
1.184494688935330275e+00,3.655421158883832011e-01,2.814409798876594238e+01
1.766548156834482963e+00,2.186799885868328519e-01,3.393653766046871745e+00
1.033740565799341482e+00,2.203621046800991745e-01,6.666377274230529615e+00
1.885665928910685629e+00,1.852044342693788259e-01,4.540836756933438778e+01
1.357700736829865473e+00,4.167298963103968634e-01,1.994006408712323264e+01
7.915590362454663520e+00,1.348248728639257488e-01,6.862657962028160341e+01
2.458673122597119232e+00,1.530213177759231769e-01,3.861813037917025682e+00
1.152131121466689168e+00,2.122472553548002128e-01,3.335105052926186175e+01
1.732494750603127409e+00,2.053289133975021719e-01,2.003610953317364274e+00
1.032184405002032568e+00,3.943440151082336365e-01,7.397125724539662883e+00
1.056134801728416894e+00,5.634279580230341367e-01,7.465997893672536634e+01
1.084643136985249612e+00,6.928227747890983723e-01,9.081454365858913746e+00
8.455075394316514448e+00,8.412247262571520556e-01,1.811142634686213393e+00
3.630310988495106361e+00,6.940986390293391040e-01,1.182396610792472158e+00
1.659051968344284367e+00,1.076434546025749894e-01,2.296786265953697281e+01
3.126647814439067474e+00,1.664209012726823311e-01,5.569108401897796057e+01
1.032124612986421885e+00,4.515293864045077377e-01,1.339742868014472066e+01
1.701069873474826633e+00,1.256716293493899128e-01,4.421476860585949353e+00
2.705476641863429954e+00,5.855846588376785178e-01,1.610634896320896203e+01
8.783632806458296471e+00,2.869276174872892327e-01,4.338165457609128595e+01
1.432753056274779002e+00,3.460389909440004241e-01,1.448165032037376454e+00
1.185318223249876901e+00,1.143900044729536242e-01,2.899042162724045468e+01
8.695033136177190869e+00,3.420508781825262745e-01,3.397127992364288751e+00
3.448776188578997814e+00,2.837522148969654490e-01,8.760181540542279777e+01
1.102894815558467245e+00,6.019618046732481131e-01,6.146225316719067244e+00
7.012609093698460860e+00,3.567807022264572470e-01,7.643572120113985591e+01
2.994285707837224919e+00,5.109911028883451500e-01,7.663789647514843750e+01
4.985653664718135758e+00,2.162092463775891205e-01,1.741402002715042308e+00
6.218948247910230265e+00,4.227999866723093358e-01,3.734133116417807763e+00
1.067136363936144638e+00,6.061465146545189642e-01,2.244642226444872790e+01
4.009412505096493717e+00,5.025310746726477928e-01,2.489241469049913391e+01
9.699409789533266490e+00,2.021208192676426652e-01,4.030736804973010834e+01
3.972242651195446506e+00,1.731977832351518365e-01,1.332903823009637456e+01
1.409834151224583554e+00,7.738025747158744361e-01,3.675090855068344986e+00
9.784245696742416953e+00,5.368140561087729745e-01,1.366685542079317583e+00
3.170360733490460436e+00,3.374934768167536236e-01,2.871710719569928738e+00
9.979857080563283134e+00,4.575901995064737271e-01,8.094201110299756863e+00
2.718870917643594787e+00,9.750314043351503424e-01,1.066369874449951283e+01
2.766206960900137624e+00,3.848097454656942418e-01,2.217511325838444236e+00
8.377009604488341310e+00,2.939753631168379733e-01,7.151595821855962321e+00
7.593111521252629892e+00,2.573060651928139042e-01,1.543063993455693250e+01
1.024190108027189572e+00,3.335299571446165290e-01,5.938686899323090351e+00
5.109168688975097794e+00,2.438372375963151761e-01,8.905604157957284883e+01
3.871487430361126414e+00,3.255417172076054411e-01,9.589939057764433983e+01
3.575672841809193869e+00,2.091770187560549887e-01,4.614714442571708375e+00
3.622521996316088178e+00,9.581455127275537720e-01,4.585380038262293567e+01
3.312237802687560073e+00,7.217385921283763217e-01,2.557606637500116964e+00
5.550562227012054706e+00,2.097401279713728139e-01,9.513260986565083499e+01
2.111963937700205740e+00,4.668711009855168181e-01,7.218549500748074443e+00
8.409399973493721703e+00,1.490391464331785876e-01,2.330220733521089382e+00
3.766332378084336074e+00,3.265795216138395740e-01,2.184313669791731805e+00
2.394475101160207675e+00,4.135374071349427472e-01,8.030537485512590834e+00
6.027312824900130650e+00,1.280009730904321796e-01,6.271633292666333404e+00
1.002622074794603302e+00,7.291279329721741531e-01,7.164655496559359626e+00
1.821289270540489502e+00,1.084071985650049558e-01,5.009332134879689136e+01
1.136986372049330951e+00,6.695332190114317017e-01,6.374297480237768809e+01
1.651665467625319961e+00,1.290522608432719265e-01,1.537591018340138938e+01
7.057702124941820365e+00,3.272390326859377918e-01,1.139693128077591489e+00
9.539287848068752851e+00,1.733873949911508838e-01,1.875888217339707609e+01
3.437532607740551693e+00,1.271384534467586425e-01,2.854230774199998155e+00
1.078725988490715215e+00,3.330882269282686159e-01,5.411729978915595041e+01
1.051585551978112765e+00,1.149946372004983508e-01,2.456059876025115329e+01
4.651178024039253067e+00,8.258181944977023292e-01,7.944950606796245651e+00
6.102555742157668384e+00,1.576305503309108902e-01,2.429032221060781982e+00
2.649570855721032459e+00,1.633179789254831094e-01,5.956741787793202292e+01
3.479681507580008493e+00,4.650321543812283576e-01,5.460981841991611851e+00
7.087150436248040641e+00,1.889861426305856074e-01,1.324804293480014827e+00
1.050178308347270217e+00,8.791600588902336311e-01,1.610287490671746369e+01
2.782871425203220284e+00,1.101582950284824974e-01,1.168474335966652511e+01
8.579414833186254086e+00,6.142829054227388896e-01,6.204732615652311267e+01
2.192875038437314128e+00,1.098347286795401251e-01,7.019848863198578215e+01
2.428648027447171565e+00,9.740258410374132980e-01,1.057979434788416206e+01
1.925371753623031701e+00,1.534806998485603313e-01,3.469143399594711408e+00
2.855336964384072918e+00,2.016232828006880584e-01,2.372112836930722057e+00
7.825027295977676545e+00,1.240157757399001082e-01,3.509032291284117377e+01
3.014584606030989100e+00,6.349159819735809007e-01,2.160639801994312492e+00
1.571642107687218015e+00,4.819896446568304738e-01,1.953111728483140075e+00
4.415132541559733781e+00,1.462297658989382687e-01,7.016199628166046409e+01
2.493841017381329905e+00,4.015466743919546277e-01,8.806633127262346150e+00
6.687315127219101818e+00,7.312234449014530790e-01,2.226627467877131750e+01
1.343463604292728819e+00,3.772289516224083261e-01,3.681488811751042700e+00
1.809068465811108251e+00,1.122806430841934849e-01,3.849636876517189421e+01
2.769720499964451577e+00,6.717104067539205747e-01,5.535966290114416211e+01
4.703702443159205160e+00,1.190522499325395306e-01,1.197975318376703235e+00
3.024134787836119109e+00,2.326292668547178810e-01,2.970290410628343736e+01
1.835120810424610838e+00,1.499683395674915876e-01,4.430030827430381457e+00
6.042368783404763022e+00,7.457204611418215556e-01,1.925343121838108829e+01
1.416739114811082167e+00,1.111162659148524634e-01,2.001522895823683257e+00
1.302523544805598066e+00,5.007859626862029012e-01,1.197949267446625043e+01
5.551073938661479801e+00,7.129255944766956787e-01,7.647453417974593215e+00
1.938914782217243227e+00,1.529553202536414191e-01,1.783878861261607796e+01
9.720561554297235674e+00,2.569013038784851433e-01,9.452295187397073306e+00
6.989220061143230467e+00,2.973435553491529104e-01,6.301973731096695452e+00
4.688081645506743556e+00,2.522888175163368052e-01,6.770739990670198161e+00
2.249805415118574903e+00,4.339678499190283700e-01,8.002522597105252089e+01
9.371335455300785711e+00,5.634857472198031569e-01,1.035156053802153808e+00
1.774868455844543558e+00,1.119836077582188893e-01,1.466099942140937751e+00
1.816716379656983626e+00,4.620567662050185098e-01,2.036078076276314430e+00
1.087135933049752756e+00,3.915664120037152252e-01,3.629134278503833855e+00
3.321193847464083415e+00,4.259727037611225620e-01,1.270206106548533054e+00
1.356397077551147579e+00,1.022692707394715628e-01,2.319104968136230127e+01
5.398285449986953921e+00,2.990871570134116531e-01,4.082398418329161949e+00
1.058468597534063305e+00,2.425346439686928424e-01,3.581959268394862050e+01
2.713180703572509511e+00,4.562553020119504144e-01,6.042054197585222397e+01
2.582339120609413285e+00,3.489669434260679326e-01,1.865430744752239356e+00
4.964613461712342080e+00,1.004093981089129173e-01,3.440426664112454791e+00
9.924752564740991545e+00,1.879782635668013346e-01,8.867932189058581116e+01
1.504129808876805363e+00,4.159313631094296304e-01,6.133791069464988865e+00
7.969254590855495479e+00,1.093891181591422207e-01,6.403425237067564169e+00
1.900491187111181146e+00,9.543982338881231708e-01,1.165724128101433266e+01
5.120639641597947822e+00,2.933636173970456951e-01,1.872644300708901000e+01
1.736127868329225610e+00,3.718125357561962718e-01,2.848750747137941630e+01
8.116131625090339696e+00,3.424182203611057518e-01,5.087248584264341389e+01
2.012996197902496842e+00,6.814163110509339205e-01,1.119374156252146157e+01
8.590248689549062178e+00,5.890632677920684124e-01,9.688174649579795528e+01
3.773985900244852587e+00,1.203877730658313855e-01,7.071427033736524947e+01
5.605780725961528432e+00,2.989951987269228173e-01,1.145089508562179503e+00
3.677117231921068541e+00,1.394719828205971124e-01,6.712263406158034407e+00
5.225647746844919617e+00,2.880148240303748719e-01,5.379702246573134339e+00
3.305916870233815974e+00,8.345248615070229858e-01,1.739626721155930422e+00
4.399719574709966885e+00,1.475423531088754514e-01,5.790900816430433196e+01
3.374823346899157972e+00,2.713058185289138335e-01,1.754995534416226244e+00
3.933729203252833262e+00,2.808226903599091440e-01,4.101445064283058883e+00
4.399322947629245917e+00,1.353960291795354709e-01,6.035835635474423810e+00
7.076490409127794479e+00,1.591700217726376432e-01,4.727734389425797445e+01
3.977274700183308642e+00,1.275065649297389414e-01,6.512610910919197238e+01
5.207569173438518995e+00,1.153324676501242957e-01,6.702169448523316930e+01
3.050063283857799235e+00,1.708973244394049462e-01,1.779018498592841624e+01
1.284430393048285435e+00,6.717565296174218270e-01,1.538264786083270552e+00
1.064901731466674217e+00,4.943640230342892239e-01,5.273911171366215456e+00
8.453410991326048673e+00,2.621851508794546537e-01,4.119404139411281029e+00
4.128303052110466886e+00,3.564678287538209922e-01,9.164120265779370555e+00
1.642743030865110310e+00,2.396389087822979602e-01,2.187079257792653220e+00
8.077141463962998813e+00,1.738275544470770095e-01,3.410219486890341933e+00
1.225195763273074778e+00,2.137967706678233770e-01,7.700356122421291083e+00
1.990487611191428030e+00,1.166630881770270300e-01,1.284348250197680397e+00
1.552943176439535833e+00,1.859368172439612721e-01,3.308214875223884910e+00
2.342034985981191753e+00,3.667308143977995871e-01,3.822613662042825666e+01
7.976650251539346037e+00,2.530423250673740077e-01,2.719913760067735709e+01
5.693647987542322930e+00,1.602133312084753625e-01,2.365034928556938354e+01
8.166022594518107525e+00,5.535879162337418169e-01,6.745136518128467173e+01
6.331963505976816897e+00,2.136821536325597126e-01,4.799084011735632593e+00
6.576894447167224378e+00,2.039478033292342896e-01,6.690390032192493663e+01
2.129361178680278854e+00,5.633725529549903355e-01,3.731324050140313631e+01
4.722155702923510390e+00,8.909479017466392925e-01,5.574868484080496067e+00
5.430274756029580097e+00,3.062029854985569011e-01,3.583675586009830738e+01
2.019017783178850500e+00,3.577725386989537015e-01,4.357829238889807044e+01
1.613370415177494355e+00,3.081072010839020492e-01,2.370336596053492340e+00
7.630964434316579670e+00,6.271560926250568935e-01,3.974176125011177785e+00
3.797129750846439222e+00,1.496925957775108174e-01,6.316484766848365240e+01
2.491482260133467186e+00,2.654361773346090581e-01,1.593573888453491127e+00
5.414218750326881491e+00,9.264735240882158163e-01,3.147267362289232651e+00
2.330527426629168453e+00,1.286193004598855938e-01,5.775817886361867437e+01
1.633367251540181808e+00,8.777504908464789368e-01,1.586799836238817374e+00
6.254980114678255099e+00,2.660268671334953261e-01,2.761215398401760623e+01
6.649178833439520986e+00,1.266575672577811562e-01,1.439425059626883829e+01
5.231791056230095549e+00,1.011234792074567901e-01,1.262139027686312476e+00
3.266000999327420384e+00,3.973359696882378111e-01,1.227777365703491830e+00
3.395024234239431671e+00,2.653835429685275638e-01,4.154825262910440387e+01
2.203003906447322802e+00,6.717506433255804321e-01,5.114566226033714003e+01
1.952456009087236488e+00,7.318867994071743821e-01,2.127780769297596564e+01
6.703421125546597636e+00,2.318502456182189309e-01,8.686081557772784123e+00
5.348791303141748443e+00,1.290633926174106494e-01,7.411549802147698074e+01
8.466545761023622774e+00,3.017675897068266000e-01,1.351154282237777338e+00
7.310630046832224060e+00,1.735383947183163911e-01,2.592242917001765079e+01
5.227099072657802381e+00,3.421777784470312334e-01,5.775995501869522819e+00
2.417520464523716495e+00,9.656505075139332206e-01,2.315780143444825256e+01
1.034165856128109962e+00,6.800504893089371894e-01,7.029652399846264643e+01
4.930357356746533526e+00,3.985004772671992823e-01,1.732050044354008778e+00
1.302976574348973404e+00,2.562034301683745463e-01,8.907206950243833887e+01
5.493269376412230010e+00,4.599937434046401097e-01,4.232871069125690866e+01
3.335136867482529688e+00,2.037388273289693075e-01,5.043167635996263165e+00
1.468174310077440481e+00,1.591526280599684928e-01,6.490722342025961211e+01
3.858882911775774360e+00,4.250471044624091199e-01,4.410446621001378631e+00
5.263805224193574439e+00,4.559765358173722416e-01,2.388045002263460947e+00
1.072990191674324301e+00,2.192748864295529787e-01,1.194792265660636055e+01
8.198143612646187961e+00,4.314382676371002479e-01,5.672005823472026087e+00
4.670685860648677412e+00,7.616658334316140921e-01,1.500445792149000646e+01
1.709930991784042176e+00,4.111401956866040375e-01,6.930468226003856813e+00
3.693692441088504363e+00,2.364240483098057066e-01,5.257184427379234748e+00
2.406517917267430917e+00,1.355450687325075176e-01,7.020276961453236098e+00
6.408394478685141671e+00,2.512057866037077924e-01,9.259733230245965174e+00
8.800510511737211772e+00,3.141446847245226714e-01,1.945205730115558529e+00
1.493182654567199341e+00,2.513001994158203245e-01,6.788512855194018414e+01
6.548495712854922601e+00,2.327262468039343335e-01,2.847387122055347053e+00
3.501736064367675816e+00,6.325470042968655005e-01,7.642365900262744205e+00
1.258430960685072320e+00,2.520050071991134510e-01,1.992169248302851692e+00
8.027489650763651952e+00,1.175778086128610456e-01,1.173313563904043377e+01
2.729373997866223700e+00,1.452977379419611026e-01,1.473146204982015028e+01
3.284376442898142567e+00,9.988278609434836364e-01,5.349088872781352144e+00
2.127126886408682083e+00,5.249462640343831588e-01,6.656517055579314501e+01
5.329031777512512669e+00,3.832852199650681468e-01,2.022655591686409071e+00
2.453796960643598979e+00,6.004083623332366892e-01,2.035936064048681260e+01
3.019092180767009470e+00,1.689487280060329444e-01,1.543099272616720441e+01
1.723811262491486307e+00,5.191990551330637471e-01,1.943670712017626911e+01
2.580086347313417683e+00,5.776489193890363971e-01,1.193512989658406021e+00
3.674474524887290983e+00,1.430893213802374997e-01,7.994572764920747865e+00
1.145989924653887826e+00,9.240677741474938589e-01,4.198834581399810162e+01
1.911118900491034722e+00,9.704490286615643502e-01,1.436572529645198593e+01
3.038024985236841058e+00,2.643543703132180123e-01,7.521439107059329388e+01
2.943744607054938012e+00,2.573471258419123275e-01,1.363347587685243667e+00
1.616984340212779037e+00,7.926154023498424017e-01,7.748232627682001805e+01
3.148698604415262725e+00,5.204358269985968066e-01,2.816300347975792207e+00
2.809784313925987487e+00,8.015951353797170498e-01,3.682026495262627819e+00
3.618741663656464436e+00,1.134020916525715628e-01,1.542568348082934859e+00
9.465908504724207972e+00,8.748069526087316472e-01,1.095582340215407235e+00
2.017191777862048507e+00,3.701233396943625631e-01,1.764183543546535393e+00
5.706808938446324753e+00,2.486472518353257666e-01,2.156876270578913513e+00
2.747334840711997295e+00,4.712592505936520348e-01,3.029097214676097050e+00
1.559939835037225109e+00,1.371781213463560967e-01,3.576902587084966001e+00
6.003566985239787712e+00,1.275525127499164968e-01,8.454693445148674869e+01
3.041886611442944144e+00,4.402386625400168119e-01,1.068783048575929095e+00
3.546215462306102406e+00,1.318565555796955835e-01,2.096343173630114265e+01
2.044648653916945946e+00,1.766254797927469533e-01,3.924742933490106278e+00
5.113653411999273146e+00,2.631724950218314318e-01,3.724429529320966026e+01
2.731618127246232763e+00,2.497211034565029186e-01,1.432669002611029718e+01
4.269736198829119367e+00,1.341251563425884252e-01,8.277769329322900660e+00
4.384950122947826934e+00,5.540768441884414974e-01,1.545142593575054679e+00
3.387373279599042331e+00,9.699367604097890450e-01,1.855495412697014146e+01
4.606550396734721886e+00,2.951924536511154606e-01,1.235272753555239156e+01
6.942941945591010189e+00,4.612383205161162958e-01,4.667143093416877520e+01
6.577220397909842475e+00,2.740724804661179292e-01,6.500424993160342524e+01
5.638233062399299556e+00,2.506791678331997675e-01,1.073634175020964854e+01
8.052554817258723574e+00,1.926115791119831500e-01,1.605380761285595170e+01
1.866313327546793133e+00,9.709902907068701516e-01,5.645087711685160770e+00
7.964615034261846915e+00,6.432321779674367024e-01,6.730060032022800343e+00
5.850098008747434797e+00,1.447237928568872178e-01,1.539396118695467486e+01
4.007319489470106078e+00,1.302869266999727160e-01,5.461332051290569645e+00
6.995709172921576346e+00,1.763656278387015497e-01,9.148202059073130954e+01
8.797526297779281634e+00,3.191644321995555367e-01,1.076729539780369116e+00
2.725039176376427452e+00,1.937215247230240356e-01,2.495975124324823469e+01
2.634150784635077791e+00,2.135869909979261627e-01,6.715405216866538751e+01
7.727019217502691717e+00,1.156373460689508054e-01,9.022672048015981261e+01
9.296299171814430551e+00,2.113205440451562944e-01,7.184300205635734926e+01
5.183917126335196635e+00,7.561375657778884873e-01,1.699719128446677940e+00
5.595995536875549625e+00,1.349939042311568416e-01,3.406843256174367696e+01
2.054425802629455955e+00,2.420748829546217618e-01,1.377179362992261069e+00
4.150714290348902935e+00,6.669716522666985226e-01,1.990988210213915144e+00
3.023998932102757387e+00,1.061672424161788919e-01,6.576505943536074028e+01
1.284691059970206606e+00,8.392739199456720200e-01,2.511405064723451375e+00
2.569849172375818114e+00,5.935639542410966474e-01,8.565438889625017538e+00
1.596849808599037468e+00,3.833703874693104030e-01,5.325539225953867195e+00
3.223324158541744922e+00,9.769288087733016823e-01,5.878807285604136901e+00
4.718873429715282342e+00,2.861148685060706520e-01,4.671711541527525924e+01
7.242037176764489104e+00,2.503191428536146179e-01,2.647075221522824595e+00
6.401722184786443393e+00,1.049345498634915858e-01,1.233591097311282025e+00
4.366617267702927130e+00,1.475473746664560659e-01,9.223233796925081052e+00
1.053081472793071960e+00,7.020664341999437452e-01,4.794811432147619712e+01
3.561409262771051409e+00,1.994826760168866842e-01,1.450472771338731981e+00
1.438258483398763721e+00,7.145548956086876791e-01,4.039574449679181889e+00
4.219785915094933060e+00,9.018551819090239174e-01,1.885809580224648840e+01
6.054635414047083053e+00,1.031146139992406841e-01,3.467998674621457411e+01
5.742906953715620766e+00,1.236218296619034096e-01,1.973189131853117217e+01
1.368415554006032542e+00,4.914387752598464720e-01,9.075845881193005482e+01
7.207319634643442718e+00,6.499584211389473065e-01,4.331911767787818057e+00
8.265509576414741488e+00,3.190985350692051026e-01,5.035008044001250482e+01
6.895691337335303039e+00,1.442837247208241525e-01,2.381774422283009951e+00
1.740149188679496861e+00,5.355820313629797713e-01,3.830298691955874357e+00
3.704387872050501684e+00,4.281691884018831162e-01,2.347387817579118519e+00
1.012848048644737764e+00,2.494648905168854458e-01,1.602896027891187680e+00
1.712039301957650750e+00,1.802547145297720699e-01,2.060111399111086783e+01
1.652269409858977633e+00,9.992523860903628208e-01,4.283743047719391228e+01
7.979403573157243024e+00,4.570418629543626654e-01,4.398741906399776269e+01
5.521075665491114393e+00,1.446043001803088701e-01,8.747548390862829137e+01
5.580286757550392274e+00,1.001007414845730276e-01,3.011937980003028148e+00
6.437330325855268320e+00,1.683236570876140148e-01,2.191483829208405609e+01
1.356293413267749104e+00,1.216550665977121221e-01,3.715156099010281565e+01
6.370323548600351771e+00,9.525852338502602823e-01,2.359012792899931821e+00
7.040490998279184787e+00,1.059458652945409335e-01,8.524364416763891228e+00
2.045441113315396908e+00,1.051112630248540319e-01,4.589230925717033927e+01
2.949538933054359102e+00,2.205139402176391206e-01,2.436363174994214287e+00
2.333331915238476384e+00,2.814773645868445806e-01,1.124985055371779952e+00
1.482167374978200280e+00,2.892631523275009942e-01,5.512494292563028608e+01
2.998154725996054371e+00,9.600070822038897500e-01,2.629438041216149813e+01
4.601383491953191296e+00,1.007275546211274520e-01,3.087312889212075007e+01
2.749401646377369168e+00,1.825858735450094639e-01,9.339046964419955188e+00
2.615041257231732086e+00,6.761677161247097168e-01,6.117819904371807382e+01
1.982965941180145464e+00,1.121141343255070422e-01,5.604741254891841606e+00
4.363671355680345698e+00,1.528509501263331793e-01,8.978798193972069797e+00
1.265515303575574402e+00,2.530593856764664085e-01,1.561156568494053154e+01
9.014376205320118629e+00,1.010299719873545832e-01,2.392290985049993779e+01
2.692655606844485128e+00,1.285279290111071004e-01,1.229354773771409270e+01
5.648265251365063300e+00,1.024411875654525905e-01,7.409182762618746665e+01
3.472933573668000484e+00,6.312420104281474265e-01,3.269510674816248041e+01
7.004845578715949372e+00,1.444163704978296270e-01,2.945706967511525320e+01
1.607297623881157378e+00,7.616815289768230635e-01,2.893244682107947163e+00
2.555681331410953216e+00,3.193735794197348210e-01,2.765729123364894182e+00
3.619858420651491659e+00,3.038371539855070913e-01,1.077531165874753682e+01
2.731048294976840207e+00,4.884287035277186106e-01,2.066031803894072638e+01
6.452321376824877497e+00,2.243550724166368526e-01,2.708457279534724371e+00
6.683004906985368088e+00,1.745910021925181077e-01,1.745753815757145233e+01
1.631372467489654809e+00,2.431690750502951970e-01,1.062344658484118476e+01
2.410180342104754736e+00,8.703913354217701626e-01,2.380100755966973836e+01
7.631918902293048923e+00,2.776968179097152323e-01,1.381904304138275474e+00
7.415658610384428862e+00,2.393627716985008702e-01,3.442924355019810889e+01
1.343170758118504171e+00,8.417034793412669913e-01,4.161759565120974891e+00
5.508794344807983911e+00,2.755847107757068981e-01,1.828171631309834666e+01
4.601392920180732204e+00,3.269761073464899637e-01,4.759667191578054002e+01
1.082530377351262674e+00,2.507997307110638729e-01,5.120252978224007379e+00
1.989461197342306420e+00,2.337414002509042854e-01,1.233983376318569292e+01
2.971569298725201147e+00,1.872191815196687648e-01,5.880094044177257473e+01
3.535303363818654621e+00,1.015107899381325340e-01,4.269967837037361491e+00
2.591654675474838410e+00,1.008925126383661414e-01,1.205932089757546066e+00
4.129382513451699488e+00,7.082600850969620332e-01,3.501132435131845799e+00
2.315819645808357308e+00,2.341581357903480820e-01,3.441161929192697588e+00
9.766574474470553824e+00,2.281717272480762171e-01,4.503122093382374658e+01
1.592605202207617365e+00,2.282091084279454507e-01,1.023406631602351791e+00
1.324680077936299494e+00,3.918363238902218826e-01,1.150299839982062267e+01
1.957189783912474557e+00,7.801135873668054721e-01,2.929104426201920575e+00
3.631083091288018316e+00,7.431291476804641194e-01,9.767477534052325439e+00
4.688887374341758729e+00,1.133947219080096158e-01,6.132803143856260242e+00
1.365988815790148525e+00,4.612295888911919217e-01,2.157496674833861050e+01
3.560912970082857676e+00,1.563836766516280563e-01,3.281542974998349393e+01
4.204376322600436922e+00,4.587670057678964741e-01,2.383071669373985735e+00
6.262695316126321465e+00,2.694823529907688364e-01,7.471853862157372816e+01
2.356764157996275255e+00,9.883413119610447994e-01,4.782901295324250412e+01
1.011638994603639929e+00,5.256300672114091466e-01,2.298415228065340266e+00
1.397249822906613037e+00,2.959832294711342016e-01,3.868435859829914136e+01
1.152853460390574902e+00,5.484748924655133973e-01,1.745016133794752733e+00
3.636680345059668085e+00,4.693343240521176130e-01,1.374273448769686290e+01
4.190803935651917556e+00,4.580240870054645974e-01,9.376934116449266554e+00
1.414091407656915322e+00,1.078490248779439692e-01,1.467123343640569466e+01
4.795578821589534968e+00,4.154062766695790776e-01,8.250226549034587720e+01
2.228152825968063411e+00,2.029665267893192848e-01,1.221120887857134463e+01
1.466269383667616166e+00,8.611595177827352510e-01,2.544494154828474919e+01
8.771121101703499789e+00,7.525747284561338235e-01,2.218822464995436672e+00
3.685273638074105129e+00,1.262042134204761357e-01,1.096294318970200354e+00
1.517338388035054164e+00,1.674347140884168972e-01,2.606136517741694547e+01
3.512619957243740210e+00,5.425457080910266461e-01,1.914175550656950620e+01
9.895545571974947663e+00,4.089055542766709683e-01,4.318228201995064808e+01
4.501806385646318631e+00,2.133042711916903200e-01,1.434419495560145386e+01
4.126372940517798682e+00,1.332404759386296433e-01,8.022210791084928871e+01
7.744642921939946412e+00,4.016901912773473415e-01,1.809558662200087298e+01
1.237738256043850793e+00,1.322851467439581652e-01,2.927038366781613554e+00
1.168379532840820190e+00,1.714582784288245509e-01,2.078481179607476914e+00
2.357658602968415451e+00,1.015107976126437689e-01,2.009609354020503247e+01
6.152339994408798418e+00,8.683057095190246377e-01,3.760724294398413825e+00
9.533678233415226799e+00,1.669555202410100414e-01,4.594175096063002428e+01
2.271669429367717097e+00,1.819687163742114699e-01,1.867791084906667720e+01
1.238444159822780888e+00,1.062099777845420812e-01,1.172407516411371198e+01
8.206187096695552796e+00,3.258076568926148164e-01,3.306983250794587548e+01
8.098849088725827983e+00,4.766425949068737178e-01,3.489910275937620376e+00
4.196944130784920901e+00,2.141858759592331074e-01,1.396465669864461745e+00
3.431815288038437828e+00,3.875493735318417121e-01,6.229801366629174275e+00
8.054521533996078730e+00,4.165713534718538114e-01,1.381282714890657015e+00
8.648857995975346213e+00,4.849191923850801889e-01,6.189188022028869085e+01
2.443593299885077563e+00,2.369863521443547061e-01,2.990764196560338561e+01
1.056980944827320412e+00,8.080429662704439187e-01,4.869558010302380069e+01
1.325721715453227478e+00,9.200418821551233917e-01,3.321453584750669563e+01
3.982961016757522454e+00,6.105074522631661615e-01,1.190782841838272432e+00
6.366637948797733593e+00,3.610325499530460114e-01,6.871033706608938019e+01
6.134381104402288010e+00,4.761393850845341280e-01,4.256355635965840989e+00
7.706725142936075912e+00,4.825948647078870390e-01,4.247812820084824637e+01
1.252374167544685779e+00,3.243656362316445496e-01,1.421370209635640336e+01
1.043866555774118909e+00,6.866865266351968033e-01,4.228455841660392878e+01
7.968190223675219563e+00,8.924280185913001651e-01,4.350286990107737672e+00
1.008311938610569891e+00,9.276030025251283950e-01,5.273795799181257138e+01
1.094394454681516748e+00,2.589891378139810851e-01,1.918384762562475476e+00
3.370466823967269043e+00,3.047167786347978469e-01,1.354727667311588668e+00
1.043540342518673114e+00,4.183510062200624935e-01,4.924681287801456975e+00
4.480718169494413594e+00,6.985235297581655622e-01,3.075762856241020771e+01
2.801610247775303542e+00,1.069977313409677111e-01,1.785863906803559553e+00
2.067648851852342151e+00,2.690126615890978679e-01,3.330222640781957288e+00
2.310049645843923027e+00,2.504930989588499135e-01,2.033888026683806061e+01
9.073546222982953324e+00,3.225705827530246927e-01,1.560866565382279170e+01
8.752480090978302485e+00,6.873448251384962626e-01,6.726322342086855599e+01
7.127506485598476438e+00,8.548956522144866010e-01,1.523737732790527488e+00
4.145812499916243787e+00,2.514763646419745924e-01,5.658172412821389230e+01
1.643767764289156608e+00,1.993618353652475417e-01,6.470054632239217085e+01
5.357647150385706603e+00,3.922138538106421102e-01,5.152444470327949944e+01
2.812231977314284759e+00,7.983305384227379342e-01,2.313195740856038185e+00
3.598087582105757409e+00,2.042066475030117623e-01,3.253074745467193196e+01
8.826080945586099347e+00,6.142674329468309491e-01,3.137277896278513722e+01
1.378742648821366990e+00,8.057936130581725420e-01,8.136728909833701451e+00
1.266921273521073754e+00,4.457436183437676336e-01,3.049629098326096077e+00
1.192813210566626703e+00,1.636343067646770233e-01,9.264343180244084408e+01
1.922532378870039471e+00,1.237366459595519025e-01,3.627227991599862200e+00
1.227537225176899005e+00,2.029578851677110163e-01,4.114472073244606065e+00
5.267872737125792959e+00,5.527490439500957198e-01,1.450843389977307440e+00
5.197126718320368433e+00,4.529369148334232986e-01,2.447124756898510611e+00
2.878850555420749746e+00,1.952534865373828088e-01,1.358816360898994802e+01
5.756034913245930973e+00,7.192158032813810165e-01,5.664390089662234118e+00
1.309080491938128477e+00,7.354712285790786508e-01,3.080107150728659704e+01
2.003545233114588875e+00,2.087281225520727923e-01,1.497497109893590750e+00
1.526899035130336646e+00,5.443411345981714611e-01,5.281046720639687209e+01
2.630367684036670983e+00,1.202767329647679989e-01,3.149265268777144300e+00
7.129568349343532674e+00,3.361011740350481891e-01,8.283180261700225344e+01
3.194742403811690057e+00,3.537602666060758461e-01,7.300658116462676617e+01
5.460998747793580854e+00,1.049343273618786737e-01,8.359561922957563951e+00
1.371725766026719695e+00,2.978871689158941183e-01,5.314670160630036122e+01
1.036535692269091813e+00,1.684887316874689178e-01,2.969863642660333625e+01
3.432410272444411437e+00,3.553340316768823226e-01,1.447398667035783681e+01
2.658075776461358508e+00,5.515674920238087253e-01,5.701410984191189613e+01
9.261505068413704578e+00,7.772334390795463399e-01,3.823152838466719494e+00
3.519800141589316755e+00,2.103949809174655572e-01,2.278452117187054871e+00
6.351329750765615678e+00,5.049828254841481900e-01,8.322228702178939841e+01
4.620000046949913397e+00,3.081795872260233993e-01,3.271774027009446861e+00
6.616604818284876011e+00,1.976042457588053081e-01,5.556987037469480306e+00
9.328219164098124239e+00,6.093348036784551613e-01,2.497932930365895920e+00
1.155303181181836392e+00,1.277287682452826478e-01,3.994830724794946608e+00
3.551330394038093363e+00,6.799207171958656648e-01,2.054842058994487886e+01
2.892187920216577446e+00,2.020261911720351300e-01,4.365670595412572652e+01
8.435107764602157943e+00,4.825251193313174758e-01,2.765915684344255965e+01
1.124454514552217343e+00,2.354758340978896358e-01,5.340716246940855427e+01
1.548871869790623412e+00,2.452562412786160051e-01,5.093831206379264565e+00
1.113103209075985145e+00,6.271733955233264046e-01,5.420827054726921723e+00
1.617833542639833144e+00,1.318378908603024813e-01,7.067391613514327986e+00
2.540250000070667369e+00,3.742624316548859853e-01,8.095274135789285452e+00
2.305341495104056726e+00,5.054109328669790235e-01,2.336471884471491567e+00
3.864002856073266212e+00,2.622457600158802915e-01,1.193256620899798337e+00
3.034719381797388760e+00,7.757691000372690660e-01,2.138702932214918917e+01
7.199044214156127275e+00,2.626351940676675545e-01,1.806834235465664307e+01
3.831466801882244866e+00,2.372768242353295309e-01,1.318588950890743128e+01
1.425359316111496799e+00,8.798829932969223222e-01,2.933259814790471154e+01
1.803020164742289655e+00,1.797394151327952605e-01,3.495196290698681540e+00
5.216687004513161696e+00,1.451062960273016567e-01,5.412316478918079099e+00
1.479783201384069491e+00,5.952031224783395080e-01,4.570723814667503149e+01
8.860235090100388788e+00,1.011375931982906040e-01,2.981144254378019909e+01
1.269831576656982763e+00,1.128976416023967505e-01,2.510719431706827987e+00
2.585906572603205333e+00,2.011674038385321828e-01,2.326099592697277618e+00
3.111024350964412211e+00,1.186293347291489525e-01,1.127283350239353688e+01
6.433360471743921671e+00,3.237272934150186021e-01,9.034650004483637531e+01
1.428421497019758180e+00,1.070220614024072064e-01,7.399280978793275665e+01
3.704101917551130718e+00,5.717507420986839284e-01,2.080429228560888433e+01
5.188755797980232565e+00,2.746934731936215290e-01,2.130341415452260634e+00
9.257291688894429882e+00,1.654772594042183964e-01,7.081642608317713439e+01
2.299144223694125522e+00,7.069195485249746280e-01,2.139925082406042023e+01
1.029157145346309754e+00,1.600974174681666917e-01,9.999503859828580588e+00
1.076780641867361554e+00,2.271096128891858246e-01,1.954039950776898493e+01
2.675610126578809922e+00,1.071602513256749989e-01,1.584268192883188675e+01
3.018574165861794611e+00,1.694184410369102833e-01,1.577628155601395576e+00
1.588799225233646473e+00,6.065310011606699359e-01,1.194856762403341932e+00
1.192464849113519243e+00,8.337445441089489373e-01,2.463216999651707262e+00
1.248723641261813233e+00,1.045880153471519802e-01,5.702787363843333956e+00
2.362889529182177206e+00,8.174313052860422424e-01,2.876105582189010690e+01
2.651808459832547982e+00,2.601125867488904286e-01,8.918325252983725804e+00
1.522486190456032062e+00,6.375977864357124103e-01,8.682902380594822489e+01
1.288060361414010480e+00,4.468549105016634271e-01,2.597626913851261765e+00
1.099521438408714191e+00,2.287586607249808834e-01,4.167089991611444333e+00
7.050207595043955777e+00,1.769706193405245209e-01,2.731771208686418539e+00
2.289430035969351795e+00,1.668661812411995626e-01,1.183682925231137384e+00
3.704864554173096014e+00,3.127697669101968669e-01,4.735969905536593672e+01
1.596701809328068711e+00,8.290673253762262940e-01,4.822099891951042139e+01
3.265254080724854457e+00,5.522697939547137613e-01,3.611486213756536667e+00
5.262964487390789259e+00,1.199837364305223475e-01,1.382934206745201955e+01
1.345160307864434079e+00,1.167990426029583279e-01,1.480749251595398697e+01
5.115942469333664810e+00,7.973162853263957572e-01,2.698237244971130266e+00
9.773799635493270799e+00,1.534912058002763091e-01,1.369973474491633203e+00
3.458480631627246282e+00,8.485282754977248043e-01,9.811662614009135552e+01
